{

    "metadata" :
    {
        "formatVersion" : 3.1,
        "sourceFile"    : "cloud1.obj",
        "generatedBy"   : "OBJConverter",
        "vertices"      : 12,
        "faces"         : 20,
        "normals"       : 0,
        "colors"        : 0,
        "uvs"           : 32,
        "materials"     : 0
    },

    "scale" : 1.000000,

    "materials": [	{
	"DbgColor" : 15658734,
	"DbgIndex" : 0,
	"DbgName" : "default"
	}],

    "vertices": [-24.568812,325.403419,128.472343,-96.628691,-0.653367,129.888983,164.051603,0.459082,79.687885,294.857966,79.653264,-86.303768,-196.020481,286.027981,-120.581976,-526.514390,-0.312293,-103.799266,-476.970332,157.903229,-48.183737,-429.839875,82.479282,91.013794,89.163169,304.150761,-8.048976,-162.807938,298.139432,3.939102,-458.463913,-0.334855,13.939440,227.216201,-0.334855,-55.395267],

    "morphTargets": [],

    "morphColors": [],

    "normals": [],

    "colors": [],

    "uvs": [[0.5,0,1,1,1,1,0,1,0.5,0,0,1,0.5,0,1,1,0.5,0,0,1,1,1,0,1,0.5,0,1,1,0.5,0,1,1,0,1,1,1,0,1,0.5,0,1,1,0,1,0.5,0,0,1,1,1,0,1,1,1,0.5,0,1,1,0.5,0,1,1,0,1]],

    "faces": [10,0,8,9,0,0,24,25,10,0,2,8,0,0,7,23,10,2,3,8,0,6,10,23,10,3,4,8,0,8,13,23,10,4,9,8,0,12,26,23,10,6,9,4,0,19,26,11,10,7,9,6,0,22,26,18,10,7,0,9,0,22,1,25,10,1,10,11,0,4,28,31,10,1,11,2,0,4,30,5,10,11,3,2,0,29,10,5,10,11,5,3,0,29,15,9,10,11,10,5,0,29,28,16,10,10,6,5,0,27,17,16,10,10,7,6,0,27,20,18,10,10,1,7,0,27,2,21,10,0,7,1,0,0,20,3,10,0,1,2,0,0,2,5,10,3,5,4,0,8,15,11,10,5,6,4,0,14,17,11]

}
