{

    "metadata" :
    {
        "formatVersion" : 3.1,
        "sourceFile"    : "cloud3.obj",
        "generatedBy"   : "OBJConverter",
        "vertices"      : 24,
        "faces"         : 40,
        "normals"       : 0,
        "colors"        : 0,
        "uvs"           : 64,
        "materials"     : 0
    },

    "scale" : 1.000000,

    "materials": [	{
	"DbgColor" : 15658734,
	"DbgIndex" : 0,
	"DbgName" : "default"
	}],

    "vertices": [-93.784113,146.894048,177.320142,-80.124419,17.275272,183.532863,138.056493,5.748216,65.825579,179.445139,-0.022708,5.189966,-52.733216,184.737950,-12.218620,-235.260583,0.651354,-72.503196,-195.711273,87.842512,-36.112150,-269.564643,75.727026,12.542152,47.463465,174.854932,49.848737,-86.636765,180.544494,31.730693,-296.374491,8.457876,29.571724,75.032670,14.303195,14.365541,-77.518842,179.630266,-1.611737,-116.947283,92.463699,-27.797245,-226.373581,82.214832,-3.986447,-252.543526,84.027798,16.439497,-103.574524,150.020449,77.271461,7.995828,102.139470,40.604283,-29.595018,121.868314,28.039725,51.023261,131.451258,40.219118,-181.198242,168.896149,21.255834,-105.994095,176.389088,31.299933,-117.898776,84.026106,63.347231,-190.642054,59.717279,-2.227778],

    "morphTargets": [],

    "morphColors": [],

    "normals": [],

    "colors": [],

    "uvs": [[0.5,0,1,1,1,1,0,1,0.5,0,0,1,0.5,0,1,1,0.5,0,0,1,1,1,0,1,0.5,0,1,1,0.5,0,1,1,0,1,1,1,0,1,0.5,0,1,1,0,1,0.5,0,0,1,1,1,0,1,1,1,0.5,0,1,1,0.5,0,1,1,0,1,0.5,0,1,1,1,1,0,1,0.5,0,0,1,0.5,0,1,1,0.5,0,0,1,1,1,0,1,0.5,0,1,1,0.5,0,1,1,0,1,1,1,0,1,0.5,0,1,1,0,1,0.5,0,0,1,1,1,0,1,1,1,0.5,0,1,1,0.5,0,1,1,0,1]],

    "faces": [10,0,8,9,0,0,24,25,10,0,2,8,0,0,7,23,10,2,3,8,0,6,10,23,10,3,4,8,0,8,13,23,10,4,9,8,0,12,26,23,10,6,9,4,0,19,26,11,10,7,9,6,0,22,26,18,10,7,0,9,0,22,1,25,10,1,10,11,0,4,28,31,10,1,11,2,0,4,30,5,10,11,3,2,0,29,10,5,10,11,5,3,0,29,15,9,10,11,10,5,0,29,28,16,10,10,6,5,0,27,17,16,10,10,7,6,0,27,20,18,10,10,1,7,0,27,2,21,10,0,7,1,0,0,20,3,10,0,1,2,0,0,2,5,10,3,5,4,0,8,15,11,10,5,6,4,0,14,17,11,10,12,20,21,0,32,56,57,10,12,14,20,0,32,39,55,10,14,15,20,0,38,42,55,10,15,16,20,0,40,45,55,10,16,21,20,0,44,58,55,10,18,21,16,0,51,58,43,10,19,21,18,0,54,58,50,10,19,12,21,0,54,33,57,10,13,22,23,0,36,60,63,10,13,23,14,0,36,62,37,10,23,15,14,0,61,42,37,10,23,17,15,0,61,47,41,10,23,22,17,0,61,60,48,10,22,18,17,0,59,49,48,10,22,19,18,0,59,52,50,10,22,13,19,0,59,34,53,10,12,19,13,0,32,52,35,10,12,13,14,0,32,34,37,10,15,17,16,0,40,47,43,10,17,18,16,0,46,49,43]

}
