{

    "metadata" :
    {
        "formatVersion" : 3.1,
        "sourceFile"    : "cloud2.obj",
        "generatedBy"   : "OBJConverter",
        "vertices"      : 60,
        "faces"         : 64,
        "normals"       : 0,
        "colors"        : 0,
        "uvs"           : 176,
        "materials"     : 0
    },

    "scale" : 1.000000,

    "materials": [	{
	"DbgColor" : 15658734,
	"DbgIndex" : 0,
	"DbgName" : "default"
	}],

    "vertices": [-186.572321,118.305140,-301.127881,-126.138592,91.656125,-314.340096,-55.704764,158.817867,-332.715652,-38.693866,249.688524,-336.201443,-181.568730,269.371586,-328.558443,-199.797814,280.509730,-290.114306,-283.395858,66.223672,-244.259637,-91.571570,43.307858,-284.688652,176.377520,191.142859,-303.095810,-13.058177,270.442243,-296.184125,209.805277,5.566491,-253.838545,224.735915,146.914166,-271.233205,187.510029,235.160303,-255.660315,80.935361,255.146481,-252.581654,-65.997428,320.550393,-249.616669,-136.717378,323.683234,-248.149835,-292.736306,225.977936,-241.382899,-308.541013,104.768009,-224.809797,-199.069467,-0.669251,-236.575670,-96.540375,-0.669251,-239.770915,-217.350329,-0.669251,-162.150442,-417.977206,16.115277,-151.643359,-60.992450,-0.669251,-164.649469,334.071371,-0.669251,-182.025214,303.528135,179.125857,-209.885274,266.811483,231.606720,-185.497019,53.436857,285.943910,-176.447162,-31.091857,314.169971,-174.998980,-183.570889,314.459137,-171.651717,-312.644799,241.692540,-163.155151,-149.360127,-0.669251,-93.551720,-91.834602,-0.669251,-93.038564,431.962984,-0.669251,-119.598417,406.167114,118.782840,-119.299464,219.679529,261.799144,-111.828714,101.540038,278.739244,-106.453581,-148.053168,336.908202,-101.376274,-70.375742,329.155625,-103.029835,-466.622696,0.723331,-80.593343,-338.599994,167.900078,-73.613239,-58.926286,-0.669251,-18.664472,258.104519,6.571851,30.610289,-424.740092,30.028059,-6.647123,-203.134299,-0.669251,-15.342326,-213.805268,246.955242,-13.198015,-193.535404,320.186397,-22.512006,-27.482091,289.642027,-28.133522,74.796538,268.095246,-31.252235,383.691516,187.326139,-48.462599,262.235530,278.117450,-27.030886,-132.711005,-0.669251,29.875686,-244.803418,171.009756,32.829741,-68.455290,279.903809,18.976405,196.626788,245.726988,8.228484,282.902548,110.895015,21.644480,-67.355405,202.508759,57.499975,165.041911,201.620015,49.636090,229.315052,128.014473,49.073909,-94.131837,80.065860,69.972973,-230.255628,117.049135,47.986855],

    "morphTargets": [],

    "morphColors": [],

    "normals": [],

    "colors": [],

    "uvs": [[0,0.7,0,0.5,1,0.5,1,0.5,0.7,1,0.5,1,1,0.7,0.7,0,0.7,1,0.8,0,1,0.5,0,0.5,0.2,0,0.3,0,0.3,1,1,0.7,0.7,0,0.7,1,1,0.7,0.3,0,0.7,0,0.7,0,0.3,1,0.5,1,0.3,0,0.3,1,0.5,1,0.2,0,0.7,1,0.3,1,0,0.7,0.3,0,1,0.5,1,0.7,0,0.5,0.7,1,0,0.7,0,0.5,0.3,0,0,0.7,0.3,1,0.7,0,0.8,0,0,0.5,0.7,1,0.8,0,0.3,0,1,0.5,0.3,1,1,0.5,0.5,1,0.8,0,0,0.5,0.7,0,0.3,0,1,0.5,0.5,1,1,0.7,0,0.5,0.7,1,0,0.7,0.3,1,0.7,0,0.2,0,0.7,1,0.3,0,0.8,0,0,0.5,0.3,1,0.2,0,0.3,0,0.7,0,0.8,0,0.3,1,0.2,0,0,0.5,0,0.5,1,0.5,0.5,1,1,0.7,0.3,0,0.3,1,0.2,0,0.7,0,0,0.7,0.7,1,1,0.5,0,0.5,0.3,0,0.5,1,0,0.7,0.3,1,0,0.5,0,0.7,0.7,0,0.3,0,0.2,0,0.7,1,0,0.5,0.2,0,0.3,0,0.3,1,0.8,0,0.3,1,0.7,1,0,0.7,0.3,0,1,0.5,0.7,0,0.7,1,0.5,1,1,0.5,0.7,0,0.5,1,1,0.7,1,0.5,0.7,1,0.2,0,0.7,1,0.3,0,1,0.5,0.7,0,0.5,1,0,0.7,0.3,1,0.7,0,1,0.7,0,0.5,0.3,0,0.8,0,0,0.5,0.3,1,0.2,0,0.3,1,0,0.5,1,0.7,0.3,0,1,0.5,1,0.7,0,0.5,0.7,1,0.8,0,0.3,1,1,0.5,0,0.7,0,0.5,0.7,0,0.8,0,0,0.5,0.3,0,0.2,0,0.7,1,0.3,0,0.8,0,0.7,1,0.7,0,0.3,0,0.3,1,0.5,1,1,0.7,1,0.5,0.7,1,0.2,0,1,0.5,0,0.7,0.7,0,0.7,1,0.7,1,1,0.5,0.5,1,1,0.7,0.3,1,0.7,0,0.8,0,1,0.5,0.7,0]],

    "faces": [10,57,56,58,0,169,164,170,10,53,49,47,0,158,144,138,10,41,32,54,0,122,93,159,10,8,12,11,0,26,36,33,10,7,10,19,0,23,30,57,10,1,0,2,0,5,0,6,10,16,29,5,0,50,84,15,10,18,20,6,0,56,60,18,10,38,42,39,0,113,123,114,10,30,31,43,0,89,90,126,10,37,36,46,0,110,105,135,10,26,13,27,0,78,39,79,11,18,19,22,31,0,55,59,68,92,11,31,30,20,18,0,92,88,62,55,11,0,1,7,19,0,2,4,22,58,11,19,18,6,0,0,58,54,20,2,11,10,11,24,33,0,32,35,73,98,11,33,32,23,10,0,98,95,71,32,11,1,2,8,11,0,3,8,25,34,11,1,11,10,7,0,3,34,31,21,11,16,5,4,0,0,49,17,14,1,11,0,6,17,16,0,1,19,53,49,11,15,14,9,3,0,47,44,29,11,11,3,4,5,15,0,11,13,16,47,11,36,37,27,14,0,107,109,81,43,11,14,15,28,36,0,43,46,83,107,11,26,35,34,25,0,77,104,101,75,11,25,12,13,26,0,75,38,41,77,11,3,9,13,12,0,10,28,40,37,11,12,8,2,3,0,37,24,7,10,11,46,47,35,26,0,137,140,103,76,11,26,27,37,46,0,76,80,108,137,11,55,56,53,47,0,163,166,157,139,11,47,46,52,55,0,139,136,155,163,11,48,33,24,25,0,143,97,73,75,11,25,34,49,48,0,75,100,146,143,11,57,54,48,49,0,168,161,142,145,11,49,53,56,57,0,145,156,165,168,11,29,39,44,45,0,86,116,131,134,11,45,36,28,29,0,134,106,83,86,11,39,29,16,17,0,115,85,48,52,11,17,21,38,39,0,52,65,112,115,11,38,21,20,30,0,111,64,61,87,11,30,43,42,38,0,87,128,125,111,11,55,52,45,44,0,163,154,133,130,11,44,51,59,55,0,130,152,175,163,11,59,51,42,43,0,174,151,124,127,11,43,50,58,59,0,127,149,172,174,11,54,57,58,50,0,160,167,171,148,11,50,40,41,54,0,148,119,121,160,11,41,40,31,22,0,120,118,91,67,11,22,23,32,41,0,67,70,94,120,11,56,55,59,58,0,164,162,173,170,11,34,35,47,49,0,99,102,138,144,11,33,48,54,32,0,96,141,159,93,11,25,24,11,12,0,74,72,33,36,11,23,22,19,10,0,69,66,57,30,11,4,3,2,0,0,12,9,6,0,11,28,15,5,29,0,82,45,15,84,11,21,17,6,20,0,63,51,18,60,11,51,44,39,42,0,150,129,114,123,11,40,50,43,31,0,117,147,126,90,11,45,52,46,36,0,132,153,135,105,11,9,14,27,13,0,27,42,79,39]

}
