{

    "metadata" :
    {
        "formatVersion" : 3.1,
        "sourceFile"    : "extra_ghostball.obj",
        "generatedBy"   : "OBJConverter",
        "vertices"      : 24,
        "faces"         : 22,
        "normals"       : 88,
        "colors"        : 0,
        "uvs"           : 0,
        "materials"     : 1
    },

    "scale" : 1.000000,

    "materials": [	{
	"DbgColor" : 15658734,
	"DbgIndex" : 0,
	"DbgName" : "wire_008110135"
	}],

    "vertices": [2.250095,-0.500000,-2.249992,-2.250094,-0.500000,-2.249992,-2.250094,-0.500000,2.249992,2.250095,-0.500000,2.249992,2.250095,0.500000,-2.249992,-2.250094,0.500000,-2.249992,-2.250094,0.500000,2.249992,2.250095,0.500000,2.249992,-1.749935,-0.500000,-1.749973,1.749938,-0.500000,-1.749973,1.749938,-0.500000,1.750002,-1.749935,-0.500000,1.750002,-1.749935,0.500000,-1.749973,1.749938,0.500000,-1.749973,1.749938,0.500000,1.750002,-1.749935,0.500000,1.750002,0.750031,-0.500000,-0.750000,-0.750033,-0.500000,-0.750000,-0.750033,-0.500000,0.750000,0.750031,-0.500000,0.750000,0.750031,0.500000,-0.750000,-0.750033,0.500000,-0.750000,-0.750033,0.500000,0.750000,0.750031,0.500000,0.750000],

    "morphTargets": [],

    "morphColors": [],

    "normals": [0,0,-1,0,0,-1,0,0,-1,0,0,-1,-1,0,-0,-1,0,-0,-1,0,-0,-1,0,-0,0,0,1,0,0,1,0,0,1,0,0,1,1,0,-0,1,0,-0,1,0,-0,1,0,-0,0,0,1,0,0,1,0,0,1,0,0,1,-1,0,-0,-1,0,-0,-1,0,-0,-1,0,-0,0,0,-1,0,0,-1,0,0,-1,0,0,-1,1,0,-0,1,0,-0,1,0,-0,1,0,-0,0,0,-1,0,0,-1,0,0,-1,0,0,-1,-1,0,-0,-1,0,-0,-1,0,-0,-1,0,-0,0,0,1,0,0,1,0,0,1,0,0,1,1,0,-0,1,0,-0,1,0,-0,1,0,-0,0,-1,-0,0,-1,-0,0,-1,-0,0,-1,-0,0,-1,-0,0,-1,-0,0,-1,-0,0,-1,-0,0,-1,-0,0,-1,-0,0,-1,-0,0,-1,-0,0,-1,-0,0,-1,-0,0,-1,-0,0,-1,-0,0,-1,-0,0,-1,-0,0,-1,-0,0,-1,-0,0,1,-0,0,1,-0,0,1,-0,0,1,-0,0,1,-0,0,1,-0,0,1,-0,0,1,-0,0,1,-0,0,1,-0,0,1,-0,0,1,-0,0,1,-0,0,1,-0,0,1,-0,0,1,-0,0,1,-0,0,1,-0,0,1,-0,0,1,-0],

    "colors": [],

    "uvs": [[]],

    "faces": [35,5,4,0,1,0,0,1,2,3,35,6,5,1,2,0,4,5,6,7,35,7,6,2,3,0,8,9,10,11,35,4,7,3,0,0,12,13,14,15,35,13,12,8,9,0,16,17,18,19,35,14,13,9,10,0,20,21,22,23,35,15,14,10,11,0,24,25,26,27,35,12,15,11,8,0,28,29,30,31,35,21,20,16,17,0,32,33,34,35,35,22,21,17,18,0,36,37,38,39,35,23,22,18,19,0,40,41,42,43,35,20,23,19,16,0,44,45,46,47,35,2,1,8,11,0,48,49,50,51,35,2,11,10,3,0,52,53,54,55,35,3,10,9,0,0,56,57,58,59,35,0,9,8,1,0,60,61,62,63,35,18,17,16,19,0,64,65,66,67,35,5,6,15,12,0,68,69,70,71,35,4,5,12,13,0,72,73,74,75,35,14,15,6,7,0,76,77,78,79,35,13,14,7,4,0,80,81,82,83,35,20,21,22,23,0,84,85,86,87]

}
