{

    "metadata" :
    {
        "formatVersion" : 3.1,
        "sourceFile"    : "extra_timebomb.obj",
        "generatedBy"   : "OBJConverter",
        "vertices"      : 48,
        "faces"         : 40,
        "normals"       : 160,
        "colors"        : 0,
        "uvs"           : 0,
        "materials"     : 1
    },

    "scale" : 1.000000,

    "materials": [	{
	"DbgColor" : 15658734,
	"DbgIndex" : 0,
	"DbgName" : "wire_008110135"
	}],

    "vertices": [-1.249986,0.000000,-2.250010,-2.250010,0.000000,-2.250027,-2.250026,0.000000,-1.249984,-1.249986,0.000000,-0.250010,-1.249986,0.000000,-1.250001,-0.250012,0.000000,-1.249984,-1.249986,1.000000,-2.250010,-2.250010,1.000000,-2.250027,-2.250026,1.000000,-1.249984,-1.249986,1.000000,-0.250010,-1.249986,1.000000,-1.250001,-0.250012,1.000000,-1.249984,-1.250044,0.000000,1.250000,-1.250021,0.000000,0.250010,-2.250061,0.000000,1.249983,-2.250026,0.000000,2.250027,-1.250036,0.000000,2.249992,-0.250012,0.000000,1.249983,-1.250044,1.000000,1.250000,-1.250021,1.000000,0.250010,-2.250061,1.000000,1.249983,-2.250026,1.000000,2.250027,-1.250036,1.000000,2.249992,-0.250012,1.000000,1.249983,2.250008,0.000000,-2.250027,1.249982,0.000000,-2.250010,0.250008,0.000000,-1.249984,1.249982,0.000000,-1.250001,1.249982,0.000000,-0.250010,2.250025,0.000000,-1.249984,2.250008,1.000000,-2.250027,1.249982,1.000000,-2.250010,0.250008,1.000000,-1.249984,1.249982,1.000000,-1.250001,1.249982,1.000000,-0.250010,2.250025,1.000000,-1.249984,1.250034,0.000000,2.249992,2.250025,0.000000,2.250027,2.250061,0.000000,1.249983,1.250016,0.000000,0.250010,1.250034,0.000000,1.249992,0.250008,0.000000,1.249983,1.250034,1.000000,2.249992,2.250025,1.000000,2.250027,2.250061,1.000000,1.249983,1.250016,1.000000,0.250010,1.250034,1.000000,1.249992,0.250008,1.000000,1.249983],

    "morphTargets": [],

    "morphColors": [],

    "normals": [1.7e-05,0,-1,1.7e-05,0,-1,1.7e-05,0,-1,1.7e-05,0,-1,-1,0,-1.6e-05,-1,0,-1.6e-05,-1,0,-1.6e-05,-1,0,-1.6e-05,-0.70708,0,0.70713,-0.70708,0,0.70713,-0.70708,0,0.70713,-0.70708,0,0.70713,1,0,-0,1,0,-0,1,0,-0,1,0,-0,-1.7e-05,0,1,-1.7e-05,0,1,-1.7e-05,0,1,-1.7e-05,0,1,0.70713,0,-0.70709,0.70713,0,-0.70709,0.70713,0,-0.70709,0.70713,0,-0.70709,1,0,2.4e-05,1,0,2.4e-05,1,0,2.4e-05,1,0,2.4e-05,-0.70708,0,-0.70713,-0.70708,0,-0.70713,-0.70708,0,-0.70713,-0.70708,0,-0.70713,-1,0,3.5e-05,-1,0,3.5e-05,-1,0,3.5e-05,-1,0,3.5e-05,3.4e-05,0,1,3.4e-05,0,1,3.4e-05,0,1,3.4e-05,0,1,0.7071,0,0.70711,0.7071,0,0.70711,0.7071,0,0.70711,0.7071,0,0.70711,-1.7e-05,0,-1,-1.7e-05,0,-1,-1.7e-05,0,-1,-1.7e-05,0,-1,-1.7e-05,0,-1,-1.7e-05,0,-1,-1.7e-05,0,-1,-1.7e-05,0,-1,-0.70713,0,-0.70709,-0.70713,0,-0.70709,-0.70713,0,-0.70709,-0.70713,0,-0.70709,1.7e-05,0,1,1.7e-05,0,1,1.7e-05,0,1,1.7e-05,0,1,-1,0,-0,-1,0,-0,-1,0,-0,-1,0,-0,0.70708,0,0.70713,0.70708,0,0.70713,0.70708,0,0.70713,0.70708,0,0.70713,1,0,-1.7e-05,1,0,-1.7e-05,1,0,-1.7e-05,1,0,-1.7e-05,-3.4e-05,0,1,-3.4e-05,0,1,-3.4e-05,0,1,-3.4e-05,0,1,1,0,3.6e-05,1,0,3.6e-05,1,0,3.6e-05,1,0,3.6e-05,0.70708,0,-0.70713,0.70708,0,-0.70713,0.70708,0,-0.70713,0.70708,0,-0.70713,-1,0,1.8e-05,-1,0,1.8e-05,-1,0,1.8e-05,-1,0,1.8e-05,1e-05,0,-1,1e-05,0,-1,1e-05,0,-1,1e-05,0,-1,-0.7071,0,0.70711,-0.7071,0,0.70711,-0.7071,0,0.70711,-0.7071,0,0.70711,0,-1,-0,0,-1,-0,0,-1,-0,0,-1,-0,0,-1,-0,0,-1,-0,0,-1,-0,0,-1,-0,0,-1,-0,0,-1,-0,0,-1,-0,0,-1,-0,0,-1,-0,0,-1,-0,0,-1,-0,0,-1,-0,0,-1,-0,0,-1,-0,0,-1,-0,0,-1,-0,0,-1,-0,0,-1,-0,0,-1,-0,0,-1,-0,0,-1,-0,0,-1,-0,0,-1,-0,0,-1,-0,0,-1,-0,0,-1,-0,0,-1,-0,0,-1,-0,0,1,-0,0,1,-0,0,1,-0,0,1,-0,0,1,-0,0,1,-0,0,1,-0,0,1,-0,0,1,-0,0,1,-0,0,1,-0,0,1,-0,0,1,-0,0,1,-0,0,1,-0,0,1,-0,0,1,-0,0,1,-0,0,1,-0,0,1,-0,0,1,-0,0,1,-0,0,1,-0,0,1,-0,0,1,-0,0,1,-0,0,1,-0,0,1,-0,0,1,-0,0,1,-0,0,1,-0,0,1,-0],

    "colors": [],

    "uvs": [[]],

    "faces": [35,7,6,0,1,0,0,1,2,3,35,8,7,1,2,0,4,5,6,7,35,9,8,2,3,0,8,9,10,11,35,10,9,3,4,0,12,13,14,15,35,11,10,4,5,0,16,17,18,19,35,6,11,5,0,0,20,21,22,23,35,19,18,12,13,0,24,25,26,27,35,20,19,13,14,0,28,29,30,31,35,21,20,14,15,0,32,33,34,35,35,22,21,15,16,0,36,37,38,39,35,23,22,16,17,0,40,41,42,43,35,18,23,17,12,0,44,45,46,47,35,31,30,24,25,0,48,49,50,51,35,32,31,25,26,0,52,53,54,55,35,33,32,26,27,0,56,57,58,59,35,34,33,27,28,0,60,61,62,63,35,35,34,28,29,0,64,65,66,67,35,30,35,29,24,0,68,69,70,71,35,43,42,36,37,0,72,73,74,75,35,44,43,37,38,0,76,77,78,79,35,45,44,38,39,0,80,81,82,83,35,46,45,39,40,0,84,85,86,87,35,47,46,40,41,0,88,89,90,91,35,42,47,41,36,0,92,93,94,95,35,0,5,4,1,0,96,97,98,99,35,2,1,4,3,0,100,101,102,103,35,12,17,16,15,0,104,105,106,107,35,12,15,14,13,0,108,109,110,111,35,27,26,25,24,0,112,113,114,115,35,27,24,29,28,0,116,117,118,119,35,36,41,40,37,0,120,121,122,123,35,38,37,40,39,0,124,125,126,127,35,8,9,10,7,0,128,129,130,131,35,10,11,6,7,0,132,133,134,135,35,18,19,20,21,0,136,137,138,139,35,18,21,22,23,0,140,141,142,143,35,33,34,35,30,0,144,145,146,147,35,33,30,31,32,0,148,149,150,151,35,44,45,46,43,0,152,153,154,155,35,46,47,42,43,0,156,157,158,159]

}
