{

    "metadata" :
    {
        "formatVersion" : 3.1,
        "sourceFile"    : "extra_fastball.obj",
        "generatedBy"   : "OBJConverter",
        "vertices"      : 80,
        "faces"         : 70,
        "normals"       : 272,
        "colors"        : 0,
        "uvs"           : 0,
        "materials"     : 1
    },

    "scale" : 1.000000,

    "materials": [	{
	"DbgColor" : 15658734,
	"DbgIndex" : 0,
	"DbgName" : "wire_008110135"
	}],

    "vertices": [-2.250045,-0.500000,-1.250001,-1.250001,-0.500000,-0.249992,-1.250001,-0.500000,-1.250019,-0.249991,-0.500000,-1.250001,-1.250001,-0.500000,-2.250010,-2.249991,-0.500000,-2.250010,-2.250045,0.500000,-1.250001,-1.250001,0.500000,-0.249992,-1.250001,0.500000,-1.250019,-0.249991,0.500000,-1.250001,-1.250001,0.500000,-2.250010,-2.249991,0.500000,-2.250010,1.250036,-0.500000,0.249992,0.250020,-0.500000,-0.750004,-0.749981,-0.500000,-0.750012,-0.749981,-0.500000,0.249992,0.250063,-0.500000,1.250002,0.250046,-0.500000,0.249985,1.250036,0.500000,0.249992,0.250020,0.500000,-0.750004,-0.749981,0.500000,-0.750012,-0.749981,0.500000,0.249992,0.250063,0.500000,1.250002,0.250046,0.500000,0.249985,1.750039,-0.500000,0.749998,0.750016,-0.500000,0.749981,0.750016,-0.500000,1.750021,1.250036,-0.500000,2.249992,1.750039,-0.500000,2.249985,1.750039,-0.500000,1.750011,2.250009,-0.500000,1.749989,2.250009,-0.500000,1.250002,1.750039,0.500000,0.749998,0.750016,0.500000,0.749981,0.750016,0.500000,1.750021,1.250036,0.500000,2.249992,1.750039,0.500000,2.249985,1.750039,0.500000,1.750011,2.250009,0.500000,1.749989,2.250009,0.500000,1.250002,1.750056,-0.500000,-1.749990,1.250036,-0.500000,-2.250010,-0.249991,-0.500000,-2.250010,-0.249991,-0.500000,-1.749990,0.750049,-0.500000,-0.750012,0.750032,-0.500000,-1.749998,1.750056,0.500000,-1.749990,1.250036,0.500000,-2.250010,-0.249991,0.500000,-2.250010,-0.249991,0.500000,-1.749990,0.750049,0.500000,-0.750012,0.750032,0.500000,-1.749998,2.250009,-0.500000,-1.250001,1.250036,-0.500000,-1.250001,1.250002,-0.500000,-0.249992,2.250045,-0.500000,0.750015,2.250009,0.500000,-1.250001,1.250036,0.500000,-1.250001,1.250002,0.500000,-0.249992,2.250045,0.500000,0.750015,-0.749981,-0.500000,0.750015,-1.749954,-0.500000,-0.249992,-2.250045,-0.500000,-0.249992,-2.249974,-0.500000,1.250002,-1.749954,-0.500000,1.750021,-1.749954,-0.500000,0.749998,-0.749981,0.500000,0.750015,-1.749954,0.500000,-0.249992,-2.250045,0.500000,-0.249992,-2.249974,0.500000,1.250002,-1.749954,0.500000,1.750021,-1.749954,0.500000,0.749998,-1.250001,-0.500000,1.250002,-1.250036,-0.500000,2.250010,0.750016,-0.500000,2.250010,-0.250010,-0.500000,1.250002,-1.250001,0.500000,1.250002,-1.250036,0.500000,2.250010,0.750016,0.500000,2.250010,-0.250010,0.500000,1.250002],

    "morphTargets": [],

    "morphColors": [],

    "normals": [-0.70709,0,0.70712,-0.70709,0,0.70712,-0.70709,0,0.70712,-0.70709,0,0.70712,1,0,-0,1,0,-0,1,0,-0,1,0,-0,-1.8e-05,0,1,-1.8e-05,0,1,-1.8e-05,0,1,-1.8e-05,0,1,0.70711,0,-0.70711,0.70711,0,-0.70711,0.70711,0,-0.70711,0.70711,0,-0.70711,0,0,-1,0,0,-1,0,0,-1,0,0,-1,-1,0,-5.3e-05,-1,0,-5.3e-05,-1,0,-5.3e-05,-1,0,-5.3e-05,0.7071,0,-0.70711,0.7071,0,-0.70711,0.7071,0,-0.70711,0.7071,0,-0.70711,9e-06,0,-1,9e-06,0,-1,9e-06,0,-1,9e-06,0,-1,-1,0,-0,-1,0,-0,-1,0,-0,-1,0,-0,-0.7071,0,0.70712,-0.7071,0,0.70712,-0.7071,0,0.70712,-0.7071,0,0.70712,1,0,-1.7e-05,1,0,-1.7e-05,1,0,-1.7e-05,1,0,-1.7e-05,-8e-06,0,1,-8e-06,0,1,-8e-06,0,1,-8e-06,0,1,1.7e-05,0,-1,1.7e-05,0,-1,1.7e-05,0,-1,1.7e-05,0,-1,-1,0,-0,-1,0,-0,-1,0,-0,-1,0,-0,-0.70707,0,0.70714,-0.70707,0,0.70714,-0.70707,0,0.70714,-0.70707,0,0.70714,1.5e-05,0,1,1.5e-05,0,1,1.5e-05,0,1,1.5e-05,0,1,1,0,-0,1,0,-0,1,0,-0,1,0,-0,4.6e-05,0,1,4.6e-05,0,1,4.6e-05,0,1,4.6e-05,0,1,1,0,-0,1,0,-0,1,0,-0,1,0,-0,0.70713,0,-0.70708,0.70713,0,-0.70708,0.70713,0,-0.70708,0.70713,0,-0.70708,0.70711,0,-0.70711,0.70711,0,-0.70711,0.70711,0,-0.70711,0.70711,0,-0.70711,0,0,-1,0,0,-1,0,0,-1,0,0,-1,-1,0,-0,-1,0,-0,-1,0,-0,-1,0,-0,-0.70708,0,0.70713,-0.70708,0,0.70713,-0.70708,0,0.70713,-0.70708,0,0.70713,1,0,-1.6e-05,1,0,-1.6e-05,1,0,-1.6e-05,1,0,-1.6e-05,-9e-06,0,1,-9e-06,0,1,-9e-06,0,1,-9e-06,0,1,0,0,-1,0,0,-1,0,0,-1,0,0,-1,-1,0,-3.4e-05,-1,0,-3.4e-05,-1,0,-3.4e-05,-1,0,-3.4e-05,-0.70709,0,0.70712,-0.70709,0,0.70712,-0.70709,0,0.70712,-0.70709,0,0.70712,1,0,-1.8e-05,1,0,-1.8e-05,1,0,-1.8e-05,1,0,-1.8e-05,0.70712,0,-0.7071,0.70712,0,-0.7071,0.70712,0,-0.7071,0.70712,0,-0.7071,0,0,-1,0,0,-1,0,0,-1,0,0,-1,-1,0,4.7e-05,-1,0,4.7e-05,-1,0,4.7e-05,-1,0,4.7e-05,-0.70711,0,0.70711,-0.70711,0,0.70711,-0.70711,0,0.70711,-0.70711,0,0.70711,1,0,-0,1,0,-0,1,0,-0,1,0,-0,-1.7e-05,0,1,-1.7e-05,0,1,-1.7e-05,0,1,-1.7e-05,0,1,-1,0,-3.5e-05,-1,0,-3.5e-05,-1,0,-3.5e-05,-1,0,-3.5e-05,0,0,1,0,0,1,0,0,1,0,0,1,0.7071,0,-0.70711,0.7071,0,-0.70711,0.7071,0,-0.70711,0.7071,0,-0.70711,0,0,-1,0,0,-1,0,0,-1,0,0,-1,0,-1,-0,0,-1,-0,0,-1,-0,0,-1,-0,0,-1,-0,0,-1,-0,0,-1,-0,0,-1,-0,0,-1,-0,0,-1,-0,0,-1,-0,0,-1,-0,0,-1,-0,0,-1,-0,0,-1,-0,0,-1,-0,0,-1,-0,0,-1,-0,0,-1,-0,0,-1,-0,0,-1,-0,0,-1,-0,0,-1,-0,0,-1,-0,0,-1,-0,0,-1,-0,0,-1,-0,0,-1,-0,0,-1,-0,0,-1,-0,0,-1,-0,0,-1,-0,0,-1,-0,0,-1,-0,0,-1,-0,0,-1,-0,0,-1,-0,0,-1,-0,0,-1,-0,0,-1,-0,0,-1,-0,0,-1,-0,0,-1,-0,0,-1,-0,0,-1,-0,0,-1,-0,0,-1,-0,0,-1,-0,0,-1,-0,0,-1,-0,0,-1,-0,0,-1,-0,0,-1,-0,0,-1,-0,0,-1,-0,0,-1,-0,0,1,-0,0,1,-0,0,1,-0,0,1,-0,0,1,-0,0,1,-0,0,1,-0,0,1,-0,0,1,-0,0,1,-0,0,1,-0,0,1,-0,0,1,-0,0,1,-0,0,1,-0,0,1,-0,0,1,-0,0,1,-0,0,1,-0,0,1,-0,0,1,-0,0,1,-0,0,1,-0,0,1,-0,0,1,-0,0,1,-0,0,1,-0,0,1,-0,0,1,-0,0,1,-0,0,1,-0,0,1,-0,0,1,-0,0,1,-0,0,1,-0,0,1,-0,0,1,-0,0,1,-0,0,1,-0,0,1,-0,0,1,-0,0,1,-0,0,1,-0,0,1,-0,0,1,-0,0,1,-0,0,1,-0,0,1,-0,0,1,-0,0,1,-0,0,1,-0,0,1,-0,0,1,-0,0,1,-0,0,1,-0,0,1,-0],

    "colors": [],

    "uvs": [[]],

    "faces": [35,7,6,0,1,0,0,1,2,3,35,8,7,1,2,0,4,5,6,7,35,9,8,2,3,0,8,9,10,11,35,10,9,3,4,0,12,13,14,15,35,11,10,4,5,0,16,17,18,19,35,6,11,5,0,0,20,21,22,23,35,19,18,12,13,0,24,25,26,27,35,20,19,13,14,0,28,29,30,31,35,21,20,14,15,0,32,33,34,35,35,22,21,15,16,0,36,37,38,39,35,23,22,16,17,0,40,41,42,43,35,18,23,17,12,0,44,45,46,47,35,33,32,24,25,0,48,49,50,51,35,34,33,25,26,0,52,53,54,55,35,35,34,26,27,0,56,57,58,59,35,36,35,27,28,0,60,61,62,63,35,37,36,28,29,0,64,65,66,67,35,38,37,29,30,0,68,69,70,71,35,39,38,30,31,0,72,73,74,75,35,32,39,31,24,0,76,77,78,79,35,47,46,40,41,0,80,81,82,83,35,48,47,41,42,0,84,85,86,87,35,49,48,42,43,0,88,89,90,91,35,50,49,43,44,0,92,93,94,95,35,51,50,44,45,0,96,97,98,99,35,46,51,45,40,0,100,101,102,103,35,57,56,52,53,0,104,105,106,107,35,58,57,53,54,0,108,109,110,111,35,59,58,54,55,0,112,113,114,115,35,56,59,55,52,0,116,117,118,119,35,67,66,60,61,0,120,121,122,123,35,68,67,61,62,0,124,125,126,127,35,69,68,62,63,0,128,129,130,131,35,70,69,63,64,0,132,133,134,135,35,71,70,64,65,0,136,137,138,139,35,66,71,65,60,0,140,141,142,143,35,77,76,72,73,0,144,145,146,147,35,78,77,73,74,0,148,149,150,151,35,79,78,74,75,0,152,153,154,155,35,76,79,75,72,0,156,157,158,159,35,4,3,2,5,0,160,161,162,163,35,0,5,2,1,0,164,165,166,167,35,15,14,13,17,0,168,169,170,171,34,13,12,17,0,172,173,174,34,15,17,16,0,175,176,177,35,26,25,24,27,0,178,179,180,181,35,27,24,31,29,0,182,183,184,185,34,31,30,29,0,186,187,188,34,27,29,28,0,189,190,191,35,41,40,45,42,0,192,193,194,195,35,43,42,45,44,0,196,197,198,199,35,54,53,52,55,0,200,201,202,203,35,61,60,65,62,0,204,205,206,207,35,63,62,65,64,0,208,209,210,211,35,73,72,75,74,0,212,213,214,215,35,6,7,8,11,0,216,217,218,219,35,8,9,10,11,0,220,221,222,223,35,21,22,23,19,0,224,225,226,227,34,23,18,19,0,228,229,230,34,21,19,20,0,231,232,233,35,35,36,37,39,0,234,235,236,237,34,37,38,39,0,238,239,240,35,35,39,32,34,0,241,242,243,244,34,32,33,34,0,245,246,247,35,49,50,51,48,0,248,249,250,251,35,51,46,47,48,0,252,253,254,255,35,56,57,58,59,0,256,257,258,259,35,69,70,71,68,0,260,261,262,263,35,71,66,67,68,0,264,265,266,267,35,79,76,77,78,0,268,269,270,271]

}
