{

    "metadata" :
    {
        "formatVersion" : 3.1,
        "sourceFile"    : "extra_mirroredcontrols.obj",
        "generatedBy"   : "OBJConverter",
        "vertices"      : 32,
        "faces"         : 28,
        "normals"       : 112,
        "colors"        : 0,
        "uvs"           : 0,
        "materials"     : 1
    },

    "scale" : 1.000000,

    "materials": [	{
	"DbgColor" : 15658734,
	"DbgIndex" : 0,
	"DbgName" : "wire_008110135"
	}],

    "vertices": [-2.250061,0.000000,-1.250019,-1.250021,0.000000,-0.249975,-1.250021,0.000000,2.249992,-0.250047,0.000000,2.249992,-0.250012,0.000000,-0.249975,-0.250030,0.000000,-1.250019,-1.250021,0.000000,-2.249992,-2.250010,0.000000,-2.249992,-2.250061,1.000000,-1.250019,-1.250021,1.000000,-0.249975,-1.250021,1.000000,2.249992,-0.250047,1.000000,2.249992,-0.250012,1.000000,-0.249975,-0.250030,1.000000,-1.250019,-1.250021,1.000000,-2.249992,-2.250010,1.000000,-2.249992,0.249976,0.000000,-1.250019,0.249976,0.000000,-0.249975,0.249976,0.000000,2.249992,1.249949,0.000000,2.249992,1.249983,0.000000,-0.249975,2.249990,0.000000,-1.250019,2.250061,0.000000,-2.249992,1.250016,0.000000,-2.249992,0.249976,1.000000,-1.250019,0.249976,1.000000,-0.249975,0.249976,1.000000,2.249992,1.249949,1.000000,2.249992,1.249983,1.000000,-0.249975,2.249990,1.000000,-1.250019,2.250061,1.000000,-2.249992,1.250016,1.000000,-2.249992],

    "morphTargets": [],

    "morphColors": [],

    "normals": [-0.70711,0,0.7071,-0.70711,0,0.7071,-0.70711,0,0.7071,-0.70711,0,0.7071,-1,0,-0,-1,0,-0,-1,0,-0,-1,0,-0,0,0,1,0,0,1,0,0,1,0,0,1,1,0,1.4e-05,1,0,1.4e-05,1,0,1.4e-05,1,0,1.4e-05,1,0,-1.8e-05,1,0,-1.8e-05,1,0,-1.8e-05,1,0,-1.8e-05,0.7071,0,-0.70711,0.7071,0,-0.70711,0.7071,0,-0.70711,0.7071,0,-0.70711,0,0,-1,0,0,-1,0,0,-1,0,0,-1,-1,0,-5.1e-05,-1,0,-5.1e-05,-1,0,-5.1e-05,-1,0,-5.1e-05,-1,0,-0,-1,0,-0,-1,0,-0,-1,0,-0,-1,0,-0,-1,0,-0,-1,0,-0,-1,0,-0,0,0,1,0,0,1,0,0,1,0,0,1,1,0,1.3e-05,1,0,1.3e-05,1,0,1.3e-05,1,0,1.3e-05,0.70712,0,0.70709,0.70712,0,0.70709,0.70712,0,0.70709,0.70712,0,0.70709,1,0,7.2e-05,1,0,7.2e-05,1,0,7.2e-05,1,0,7.2e-05,0,0,-1,0,0,-1,0,0,-1,0,0,-1,-0.70708,0,-0.70713,-0.70708,0,-0.70713,-0.70708,0,-0.70713,-0.70708,0,-0.70713,0,-1,-0,0,-1,-0,0,-1,-0,0,-1,-0,0,-1,-0,0,-1,-0,0,-1,-0,0,-1,-0,0,-1,-0,0,-1,-0,0,-1,-0,0,-1,-0,0,-1,-0,0,-1,-0,0,-1,-0,0,-1,-0,0,-1,-0,0,-1,-0,0,-1,-0,0,-1,-0,0,-1,-0,0,-1,-0,0,-1,-0,0,-1,-0,0,1,-0,0,1,-0,0,1,-0,0,1,-0,0,1,-0,0,1,-0,0,1,-0,0,1,-0,0,1,-0,0,1,-0,0,1,-0,0,1,-0,0,1,-0,0,1,-0,0,1,-0,0,1,-0,0,1,-0,0,1,-0,0,1,-0,0,1,-0,0,1,-0,0,1,-0,0,1,-0,0,1,-0],

    "colors": [],

    "uvs": [[]],

    "faces": [35,9,8,0,1,0,0,1,2,3,35,10,9,1,2,0,4,5,6,7,35,11,10,2,3,0,8,9,10,11,35,12,11,3,4,0,12,13,14,15,35,13,12,4,5,0,16,17,18,19,35,14,13,5,6,0,20,21,22,23,35,15,14,6,7,0,24,25,26,27,35,8,15,7,0,0,28,29,30,31,35,25,24,16,17,0,32,33,34,35,35,26,25,17,18,0,36,37,38,39,35,27,26,18,19,0,40,41,42,43,35,28,27,19,20,0,44,45,46,47,35,29,28,20,21,0,48,49,50,51,35,30,29,21,22,0,52,53,54,55,35,31,30,22,23,0,56,57,58,59,35,24,31,23,16,0,60,61,62,63,35,0,7,6,5,0,64,65,66,67,35,1,0,5,4,0,68,69,70,71,35,1,4,3,2,0,72,73,74,75,35,23,22,21,16,0,76,77,78,79,35,16,21,20,17,0,80,81,82,83,35,17,20,19,18,0,84,85,86,87,35,9,10,11,12,0,88,89,90,91,35,9,12,13,8,0,92,93,94,95,35,14,15,8,13,0,96,97,98,99,35,25,26,27,28,0,100,101,102,103,35,29,30,31,24,0,104,105,106,107,35,28,29,24,25,0,108,109,110,111]

}
