{

    "metadata" :
    {
        "formatVersion" : 3.1,
        "sourceFile"    : "extra_plus.obj",
        "generatedBy"   : "OBJConverter",
        "vertices"      : 24,
        "faces"         : 22,
        "normals"       : 0,
        "colors"        : 0,
        "uvs"           : 8,
        "materials"     : 0
    },

    "scale" : 1.000000,

    "materials": [	{
	"DbgColor" : 15658734,
	"DbgIndex" : 0,
	"DbgName" : "default"
	}],

    "vertices": [-5.000000,-0.000000,4.941600,-5.000000,-0.000000,-5.058400,5.000000,-0.000000,-5.058400,5.000000,-0.000000,4.941600,-5.000000,30.000000,4.941500,5.000000,30.000000,4.941500,5.000000,30.000000,-5.058400,-5.000000,30.000000,-5.058400,5.000000,10.000000,4.941600,-5.000000,10.000000,4.941600,5.000000,20.000000,4.941600,-5.000000,20.000000,4.941600,5.000000,10.000000,-5.058400,14.692100,10.000000,4.941500,14.692100,10.000000,-5.058500,14.692100,20.000000,-5.058500,14.692100,20.000000,4.941500,5.000000,20.000000,-5.058400,-5.000000,10.000000,-5.058400,-5.000000,20.000000,-5.058400,-14.482900,10.000000,-5.058400,-14.482900,10.000000,4.941600,-14.482900,20.000000,4.941600,-14.482900,20.000000,-5.058400],

    "morphTargets": [],

    "morphColors": [],

    "normals": [],

    "colors": [],

    "uvs": [[1,0,1,1,0,1,0,0,1,0.3333,0,0.3333,1,0.6667,0,0.6667]],

    "faces": [11,0,1,2,3,0,0,1,2,3,11,4,5,6,7,0,3,0,1,2,11,0,3,8,9,0,3,0,4,5,11,9,8,10,11,0,5,4,6,7,11,11,10,5,4,0,7,6,1,2,11,3,2,12,8,0,3,0,4,5,11,13,14,15,16,0,5,4,6,7,11,10,17,6,5,0,7,6,1,2,11,2,1,18,12,0,3,0,4,5,11,12,18,19,17,0,5,4,6,7,11,17,19,7,6,0,7,6,1,2,11,1,0,9,18,0,3,0,4,5,11,20,21,22,23,0,5,4,6,7,11,19,11,4,7,0,7,6,1,2,11,9,11,22,21,0,5,7,6,4,11,11,19,23,22,0,6,7,7,6,11,19,18,20,23,0,6,4,5,7,11,18,9,21,20,0,5,4,4,5,11,10,8,13,16,0,6,4,5,7,11,8,12,14,13,0,5,4,4,5,11,12,17,15,14,0,5,7,6,4,11,17,10,16,15,0,6,7,7,6]

}
