{

    "metadata" :
    {
        "formatVersion" : 3.1,
        "sourceFile"    : "terrain1.obj",
        "generatedBy"   : "OBJConverter",
        "vertices"      : 88,
        "faces"         : 67,
        "normals"       : 0,
        "colors"        : 0,
        "uvs"           : 88,
        "materials"     : 0
    },

    "scale" : 1.000000,

    "materials": [	{
	"DbgColor" : 15658734,
	"DbgIndex" : 0,
	"DbgName" : "default"
	}],

    "vertices": [-4940.917000,0.000000,5333.880900,-3528.796900,0.000000,5333.880900,-3528.796900,0.000000,3907.442100,-4940.917000,0.000000,3907.442100,-2116.676500,0.000000,5333.880900,-2116.676500,0.000000,3907.442100,-704.556200,0.000000,5333.880900,-704.556200,0.000000,3907.442100,707.564200,0.000000,5333.880900,707.564200,0.000000,3907.442100,2119.684600,0.000000,5333.880900,2119.684600,0.000000,3907.442100,3531.804700,0.000000,5333.880900,3531.804700,0.000000,3907.442100,4943.925300,0.000000,5333.880900,4943.925300,0.000000,3907.442100,-3528.796900,0.000000,2664.842300,-4940.917000,0.000000,2664.842300,-2116.676500,0.000000,2664.842300,-704.556200,0.000000,2664.842300,707.564200,0.000000,2664.842300,2119.684600,0.000000,2664.842300,3531.804700,0.000000,2664.842300,4943.925300,0.000000,2664.842300,-3528.796900,0.000000,1510.324200,-4940.917000,0.000000,1510.324200,-2116.676500,0.000000,1510.324200,-704.556200,0.000000,1510.324200,707.564200,0.000000,1510.324200,2119.684600,0.000000,1510.324200,3531.804700,0.000000,1510.324200,4943.925300,0.000000,1510.324200,-3528.796900,0.000000,503.917400,-4940.917000,0.000000,503.917400,-2116.676500,0.000000,503.917400,-704.556200,0.000000,503.917400,2119.684600,0.000000,503.917400,707.564200,0.000000,503.917400,3531.804700,0.000000,503.917400,4943.925300,0.000000,503.917400,-3528.796900,0.000000,-502.489400,-4940.917000,0.000000,-502.489400,-2116.676500,0.000000,-502.489400,-704.556200,0.000000,-502.489400,2119.684600,0.000000,-502.489400,707.564200,0.000000,-502.489400,3531.804700,0.000000,-502.489400,4943.925300,0.000000,-502.489400,-3528.796900,0.000000,-1508.896200,-4940.917000,0.000000,-1508.896200,-2116.676500,0.000000,-1508.896200,-704.556200,0.000000,-1508.896200,2119.684600,0.000000,-1508.896200,707.564200,0.000000,-1508.896200,3531.804700,0.000000,-1508.896200,4943.925300,0.000000,-1508.896200,-3528.796900,0.000000,-2515.303000,-4940.917000,0.000000,-2515.303000,-2116.676500,0.000000,-2515.303000,-704.556200,0.000000,-2515.303000,707.564200,0.000000,-2515.303000,2119.684600,0.000000,-2515.303000,3531.804700,0.000000,-2515.303000,4943.925300,0.000000,-2515.303000,-3528.796900,0.000000,-3521.710000,-4940.917000,0.000000,-3521.710000,-2116.676500,0.000000,-3521.710000,-704.556200,0.000000,-3521.710000,707.564200,0.000000,-3521.710000,2119.684600,0.000000,-3521.710000,3531.804700,0.000000,-3521.710000,4943.925300,0.000000,-3521.710000,-3528.796900,0.000000,-4528.116700,-4940.917000,0.000000,-4528.116700,-2116.676500,0.000000,-4528.116700,-704.556200,0.000000,-4528.116700,707.564200,0.000000,-4528.116700,2119.684600,0.000000,-4528.116700,3531.804700,0.000000,-4528.116700,4943.925300,0.000000,-4528.116700,-3528.796900,0.000000,-5534.523400,-4940.917000,0.000000,-5534.523400,-2116.676500,0.000000,-5534.523400,-704.556200,0.000000,-5534.523400,707.564200,0.000000,-5534.523400,2119.684600,0.000000,-5534.523400,3531.804700,0.000000,-5534.523400,4943.925300,0.000000,-5534.523400],

    "morphTargets": [],

    "morphColors": [],

    "normals": [],

    "colors": [],

    "uvs": [[0.25,0,0.3333,0,0.3333,0.0909,0.25,0.0909,0.4167,0,0.4167,0.0909,0.5,0,0.5,0.0909,0.5833,0,0.5833,0.0909,0.6667,0,0.6667,0.0909,0.75,0,0.75,0.0909,0.8333,0,0.8333,0.0909,0.3333,0.1818,0.25,0.1818,0.4167,0.1818,0.5,0.1818,0.5833,0.1818,0.6667,0.1818,0.75,0.1818,0.8333,0.1818,0.3333,0.2727,0.25,0.2727,0.4167,0.2727,0.5,0.2727,0.5833,0.2727,0.6667,0.2727,0.75,0.2727,0.8333,0.2727,0.3333,0.3636,0.25,0.3636,0.4167,0.3636,0.5,0.3636,0.6667,0.3636,0.5833,0.3636,0.75,0.3636,0.8333,0.3636,0.3333,0.4545,0.25,0.4545,0.4167,0.4545,0.5,0.4545,0.6667,0.4545,0.5833,0.4545,0.75,0.4545,0.8333,0.4545,0.3333,0.5455,0.25,0.5455,0.4167,0.5455,0.5,0.5455,0.6667,0.5455,0.5833,0.5455,0.75,0.5455,0.8333,0.5455,0.3333,0.6364,0.25,0.6364,0.4167,0.6364,0.5,0.6364,0.5833,0.6364,0.6667,0.6364,0.75,0.6364,0.8333,0.6364,0.3333,0.7273,0.25,0.7273,0.4167,0.7273,0.5,0.7273,0.5833,0.7273,0.6667,0.7273,0.75,0.7273,0.8333,0.7273,0.3333,0.8182,0.25,0.8182,0.4167,0.8182,0.5,0.8182,0.5833,0.8182,0.6667,0.8182,0.75,0.8182,0.8333,0.8182,0.3333,0.9091,0.25,0.9091,0.4167,0.9091,0.5,0.9091,0.5833,0.9091,0.6667,0.9091,0.75,0.9091,0.8333,0.9091]],

    "faces": [11,0,1,2,3,0,0,1,2,3,11,1,4,5,2,0,1,4,5,2,11,4,6,7,5,0,4,6,7,5,11,6,8,9,7,0,6,8,9,7,11,8,10,11,9,0,8,10,11,9,11,10,12,13,11,0,10,12,13,11,11,12,14,15,13,0,12,14,15,13,11,3,2,16,17,0,3,2,16,17,11,2,5,18,16,0,2,5,18,16,11,5,7,19,18,0,5,7,19,18,11,7,9,20,19,0,7,9,20,19,11,9,11,21,20,0,9,11,21,20,11,11,13,22,21,0,11,13,22,21,11,13,15,23,22,0,13,15,23,22,11,17,16,24,25,0,17,16,24,25,11,16,18,26,24,0,16,18,26,24,11,18,19,27,26,0,18,19,27,26,11,19,20,28,27,0,19,20,28,27,11,20,21,29,28,0,20,21,29,28,11,21,22,30,29,0,21,22,30,29,11,22,23,31,30,0,22,23,31,30,11,25,24,32,33,0,25,24,32,33,11,24,26,34,32,0,24,26,34,32,11,26,27,35,34,0,26,27,35,34,11,28,29,36,37,0,28,29,36,37,11,29,30,38,36,0,29,30,38,36,11,30,31,39,38,0,30,31,39,38,11,33,32,40,41,0,33,32,40,41,11,32,34,42,40,0,32,34,42,40,11,34,35,43,42,0,34,35,43,42,11,37,36,44,45,0,37,36,44,45,11,36,38,46,44,0,36,38,46,44,11,38,39,47,46,0,38,39,47,46,11,41,40,48,49,0,41,40,48,49,11,40,42,50,48,0,40,42,50,48,11,42,43,51,50,0,42,43,51,50,11,45,44,52,53,0,45,44,52,53,11,44,46,54,52,0,44,46,54,52,11,46,47,55,54,0,46,47,55,54,11,49,48,56,57,0,49,48,56,57,11,48,50,58,56,0,48,50,58,56,11,50,51,59,58,0,50,51,59,58,11,51,53,60,59,0,51,53,60,59,11,53,52,61,60,0,53,52,61,60,11,52,54,62,61,0,52,54,62,61,11,54,55,63,62,0,54,55,63,62,11,57,56,64,65,0,57,56,64,65,11,56,58,66,64,0,56,58,66,64,11,58,59,67,66,0,58,59,67,66,11,59,60,68,67,0,59,60,68,67,11,60,61,69,68,0,60,61,69,68,11,61,62,70,69,0,61,62,70,69,11,62,63,71,70,0,62,63,71,70,11,65,64,72,73,0,65,64,72,73,11,64,66,74,72,0,64,66,74,72,11,66,67,75,74,0,66,67,75,74,11,67,68,76,75,0,67,68,76,75,11,68,69,77,76,0,68,69,77,76,11,69,70,78,77,0,69,70,78,77,11,70,71,79,78,0,70,71,79,78,11,73,72,80,81,0,73,72,80,81,11,72,74,82,80,0,72,74,82,80,11,74,75,83,82,0,74,75,83,82,11,75,76,84,83,0,75,76,84,83,11,76,77,85,84,0,76,77,85,84,11,77,78,86,85,0,77,78,86,85,11,78,79,87,86,0,78,79,87,86]

}
